{
  "project_info": {
    "project_number": "751456404768",
    "firebase_url": "https://moneymanagement-a1be3.firebaseio.com",
    "project_id": "moneymanagement-a1be3",
    "storage_bucket": "moneymanagement-a1be3.appspot.com"
  },
  "client": [
    {
      "client_info": {
        "mobilesdk_app_id": "1:751456404768:android:d0345af24aedb119",
        "android_client_info": {
          "package_name": "com.bcabuddies.moneymanagement"
        }
      },
      "oauth_client": [
        {
          "client_id": "751456404768-m7pd5f325hfrp6edt4qgnldt5qm6hun1.apps.googleusercontent.com",
          "client_type": 1,
          "android_info": {
            "package_name": "com.bcabuddies.moneymanagement",
            "certificate_hash": "211dc699e9bcfb990fad9ad08087592bc6e0d43f"
          }
        },
        {
          "client_id": "751456404768-4d2026772jh67jk1286mardp0c9dl6kc.apps.googleusercontent.com",
          "client_type": 3
        }
      ],
      "api_key": [
        {
          "current_key": "AIzaSyCNLaJfednPzHPM5t3YkjKtIP8kEgQzd88"
        }
      ],
      "services": {
        "appinvite_service": {
          "other_platform_oauth_client": [
            {
              "client_id": "751456404768-4d2026772jh67jk1286mardp0c9dl6kc.apps.googleusercontent.com",
              "client_type": 3
            }
          ]
        }
      }
    }
  ],
  "configuration_version": "1"
}